Date,cds_1y,cds_3y,cds_5y,cds_10y,r_1y,r_3y,r_5y,r_10y
2010-07-01,0.010797,0.01229,0.013576,0.014075,0.00469,0.0106,0.01775,0.02886
2010-08-01,0.019882,0.021369,0.022930000000000002,0.023594,0.00415,0.00923,0.01603,0.02481
2010-09-01,0.01529,0.017962,0.019525,0.020214,0.0038900000000000002,0.00862,0.01498,0.02561
2010-10-01,0.009899,0.014766999999999999,0.017223,0.018323,0.00359,0.0072699999999999996,0.01418,0.0268
2010-11-01,0.019591,0.024603,0.026826999999999997,0.027913,0.005410000000000001,0.010029999999999999,0.01754,0.029660000000000002
2010-12-01,0.016089,0.021119,0.023362,0.023733,0.0044,0.01312,0.021949999999999997,0.03374
2011-01-01,0.008402,0.014854,0.017404,0.018028,0.0043,0.012580000000000001,0.02173,0.034796999999999995
2011-02-01,0.008369,0.015086000000000002,0.017771000000000002,0.018378,0.00411,0.014150000000000001,0.02327,0.03532
2011-03-01,0.004184,0.011458,0.014797999999999999,0.015972999999999998,0.00442,0.015629999999999998,0.02476,0.03565
2011-04-01,0.005129,0.011258,0.014503,0.015774,0.00375,0.01254,0.02137,0.03351
2011-05-01,0.007494,0.013069999999999998,0.0161,0.017075999999999997,0.0035299999999999997,0.010780000000000001,0.01928,0.03154
2011-06-01,0.008699,0.014018000000000001,0.017003,0.017854,0.00384,0.011430000000000001,0.02024,0.03277
2011-07-01,0.025446,0.030099,0.0312,0.030545,0.00435,0.008571,0.01618,0.02916
2011-08-01,0.031143,0.035517,0.036531,0.035724,0.0045000000000000005,0.00649,0.01261,0.02399
2011-09-01,0.041054,0.046169,0.046844,0.045235000000000004,0.00521,0.00724,0.012450000000000001,0.021019999999999997
2011-10-01,0.037601,0.042543,0.043953,0.043427999999999994,0.00517,0.00707,0.012763,0.022756
2011-11-01,0.051315999999999994,0.049405000000000004,0.047889,0.045445,0.006059999999999999,0.00805,0.01313,0.02222
2011-12-01,0.051811,0.049902999999999996,0.048543,0.045772,0.00672,0.00818,0.01217,0.02028
2012-01-01,0.037933999999999996,0.040831,0.041554,0.03991,0.00487,0.0057799999999999995,0.0098,0.019086000000000002
2012-02-01,0.029720999999999997,0.035854000000000004,0.037828,0.037565,0.00482,0.0066500000000000005,0.011063,0.020569999999999998
2012-03-01,0.021348,0.0353,0.038669999999999996,0.038661,0.00486,0.00754,0.01266,0.02282
2012-04-01,0.026888,0.042062,0.043567,0.042756999999999996,0.00493,0.00657,0.010881,0.020352000000000002
2012-05-01,0.042091,0.054086,0.055389,0.053795,0.00557,0.0067800000000000004,0.00993,0.017361
2012-06-01,0.029921,0.046263,0.048099,0.046370999999999996,0.00492,0.00621,0.009606,0.01775
2012-07-01,0.030194,0.046005000000000004,0.048229,0.045779,0.00383,0.00466,0.0077529999999999995,0.015828
2012-08-01,0.022616999999999998,0.041652999999999996,0.046069,0.045353,0.0037,0.00455,0.007668,0.016669
2012-09-01,0.011493000000000001,0.027618,0.035193,0.036614999999999995,0.00328,0.0042699999999999995,0.00757,0.016985
2012-10-01,0.009687000000000001,0.020761,0.02657,0.029653,0.0032,0.00458,0.008254000000000001,0.017294
2012-11-01,0.009632,0.018203999999999998,0.024024,0.026489999999999996,0.00321,0.0042699999999999995,0.00733,0.0166
2012-12-01,0.01431,0.022246000000000002,0.027405000000000002,0.031228,0.0032400000000000003,0.00475,0.00834,0.01812
2013-01-01,0.010877,0.018846,0.024641,0.028373000000000002,0.00331,0.005540000000000001,0.01012,0.02045
2013-02-01,0.014235,0.021597,0.027567,0.030677999999999997,0.00311,0.00486,0.00924,0.01968
2013-03-01,0.016397,0.024138999999999997,0.029582,0.032813,0.0034000000000000002,0.0051400000000000005,0.009389999999999999,0.01991
2013-04-01,0.010385,0.019021,0.0253,0.028211,0.0028599999999999997,0.00449,0.008344,0.018476
2013-05-01,0.011345000000000001,0.019771,0.025769,0.028822000000000004,0.0032500000000000003,0.00657,0.012043,0.023032
2013-06-01,0.013981,0.022461000000000002,0.027339999999999996,0.031041000000000003,0.0034899999999999996,0.00807,0.01555,0.026901
2013-07-01,0.010001000000000001,0.01975,0.025441,0.028214999999999997,0.0032300000000000002,0.00764,0.015449999999999998,0.0277
2013-08-01,0.009078,0.018159,0.024674,0.027065,0.0033,0.00957,0.018009999999999998,0.029771000000000002
2013-09-01,0.012438,0.020863,0.026855,0.029726,0.00307,0.00755,0.01532,0.027587999999999998
2013-10-01,0.007456999999999999,0.015477000000000001,0.020638,0.024271,0.0028199999999999996,0.006750000000000001,0.014563,0.026937000000000003
2013-11-01,0.00601,0.012818000000000001,0.017488,0.021726,0.0025900000000000003,0.00645,0.014669000000000001,0.028259
2013-12-01,0.006139,0.012521,0.016901,0.021648,0.0030499999999999998,0.00863,0.017769999999999998,0.030699999999999998
2014-01-01,0.007183,0.013536000000000001,0.017234,0.021961,0.0027600000000000003,0.00799,0.01593,0.02773
2014-02-01,0.005302,0.010395999999999999,0.014616999999999998,0.019967,0.0025900000000000003,0.0079,0.01586,0.02743
2014-03-01,0.004346,0.009256,0.01319,0.018632,0.00261,0.00975,0.01784,0.028229999999999998
2014-04-01,0.003326,0.008017,0.011377,0.016799,0.00251,0.00962,0.01736,0.02732
2014-05-01,0.0038950000000000005,0.008112000000000001,0.011086,0.016404,0.00254,0.00892,0.016166,0.02566
2014-06-01,0.0035789999999999997,0.007268999999999999,0.00953,0.01455,0.0027600000000000003,0.00977,0.01679,0.026279
2014-07-01,0.004437,0.007665000000000001,0.010048999999999999,0.015269999999999999,0.00328,0.01175,0.01864,0.02675
2014-08-01,0.003628,0.006693999999999999,0.009777,0.015622,0.0032300000000000002,0.01145,0.017509999999999998,0.02474
2014-09-01,0.003991,0.007908,0.008690999999999999,0.018706999999999998,0.0034799999999999996,0.01279,0.019266000000000002,0.02617
2014-10-01,0.005399,0.01036,0.013743,0.020503,0.00316,0.0113,0.01744,0.024784999999999998
2014-11-01,0.005106,0.00907,0.012753,0.020136,0.0032400000000000003,0.01049,0.01602,0.022789999999999998
2014-12-01,0.005619,0.010225,0.013838999999999999,0.020755000000000003,0.00432,0.01282,0.017490000000000002,0.02273
2015-01-01,0.00303,0.007081999999999999,0.010057,0.015552000000000002,0.00388,0.00946,0.01341,0.017769999999999998
2015-02-01,0.00517,0.010397,0.012654,0.018175,0.00466,0.01201,0.0163,0.02119
2015-03-01,0.004809000000000001,0.008631999999999999,0.011089,0.015688,0.00452,0.01093,0.015285,0.020019999999999996
2015-04-01,0.006004,0.010294,0.013038,0.017928,0.004699999999999999,0.0113,0.015754,0.021192000000000003
2015-05-01,0.004392,0.008263,0.010838,0.015319999999999999,0.00484,0.01155,0.016336,0.022113999999999998
2015-06-01,0.00642,0.011237,0.014025,0.018553,0.0051,0.01244,0.017854000000000002,0.024642
2015-07-01,0.004343,0.008661,0.011526,0.016131,0.005370000000000001,0.011890000000000001,0.016654,0.022626
2015-08-01,0.004142,0.008512,0.011378000000000001,0.016076,0.0054800000000000005,0.01176,0.016462,0.022669
2015-09-01,0.004901,0.009381,0.012284999999999999,0.01694,0.0049499999999999995,0.009728,0.01366,0.019922
2015-10-01,0.0033060000000000003,0.0074719999999999995,0.010196,0.014916,0.0055000000000000005,0.010931999999999999,0.014935,0.020578
2015-11-01,0.00288,0.006874,0.009631,0.014325,0.00681,0.0121,0.015489999999999999,0.02096
2015-12-01,0.00318,0.007148000000000001,0.009754,0.014719,0.00859,0.01391,0.01705,0.02177
2016-01-01,0.003766,0.008265,0.011034,0.015931,0.0069299999999999995,0.00992,0.01274,0.017994
2016-02-01,0.006439,0.011585,0.014471000000000001,0.019577,0.0074399999999999996,0.00908,0.011200000000000002,0.015569999999999999
2016-03-01,0.005044,0.009701999999999999,0.0127,0.018046,0.00736,0.009447,0.011714,0.016354
2016-04-01,0.005083,0.009653,0.012601000000000001,0.018034,0.00772,0.010388999999999999,0.012624,0.017158
2016-05-01,0.004965,0.009455,0.012456,0.017858000000000002,0.00866,0.011436,0.013351,0.017008000000000002
2016-06-01,0.005468,0.010148,0.013143,0.018433,0.00658,0.008056,0.009781,0.013638999999999998
2016-07-01,0.00592,0.010493,0.013512999999999999,0.019231,0.00823,0.009219,0.010455,0.013438
2016-08-01,0.0061189999999999994,0.01069,0.013709,0.019425,0.009559999999999999,0.011118,0.012161,0.014424999999999999
2016-09-01,0.00732,0.011673000000000001,0.014958,0.020687999999999998,0.009399999999999999,0.010727,0.011782999999999998,0.014518999999999999
2016-10-01,0.006423999999999999,0.011082999999999999,0.014381,0.020148,0.00983,0.01153,0.013276,0.01678
2016-11-01,0.009801,0.014334999999999999,0.017787,0.023753,0.011003,0.01498,0.01798,0.021920000000000002
2016-12-01,0.008607,0.012761,0.016043,0.021858000000000002,0.01184,0.01656,0.01947,0.02315
2017-01-01,0.007809999999999999,0.013006,0.016525,0.022356,0.012390000000000002,0.017047,0.01986,0.0235
2017-02-01,0.008206999999999999,0.014625,0.01892,0.024722,0.01345,0.01805,0.020493,0.023735
2017-03-01,0.006422,0.013340000000000001,0.016794,0.021996,0.01379,0.01787,0.020419999999999997,0.023700000000000002
2017-04-01,0.006021,0.012754999999999999,0.016316999999999998,0.02137,0.013819999999999999,0.016966000000000002,0.019121,0.0223
2017-05-01,0.006365,0.013548,0.016825,0.022066,0.013460000000000001,0.01634,0.018283,0.021445
2017-06-01,0.004949,0.011086,0.014491999999999998,0.019831,0.014490000000000001,0.01729,0.019542,0.02275
2017-07-01,0.004415,0.009770000000000001,0.013369999999999998,0.018741999999999998,0.01448,0.017158,0.01905,0.02246
2017-08-01,0.004372,0.010444,0.014488,0.020094,0.01428,0.01613,0.017562,0.020602999999999996
2017-09-01,0.0043939999999999995,0.010097,0.013749,0.019451,0.01555,0.01851,0.020093,0.022850000000000002
2017-10-01,0.003779,0.009287,0.012539,0.018036,0.01627,0.019370000000000002,0.020849000000000003,0.023493
2017-11-01,0.003189,0.008376999999999999,0.011468,0.016916999999999998,0.01775,0.020550000000000002,0.02183,0.023929999999999996
2017-12-01,0.003551,0.008490000000000001,0.011565,0.017006999999999998,0.01887,0.02158,0.022397,0.023910999999999998
2018-01-01,0.003012,0.007156,0.009705,0.014378,0.02091,0.024540000000000003,0.025948000000000002,0.027437
2018-02-01,0.003135,0.007417,0.010097,0.014936000000000001,0.022940000000000002,0.02629,0.02735,0.02857
2018-03-01,0.003322,0.007337000000000001,0.010195000000000001,0.015151,0.024169999999999997,0.02625,0.02714,0.027559999999999998
2018-04-01,0.002836,0.006254,0.008728,0.013088999999999998,0.025390000000000003,0.028435000000000002,0.029079999999999998,0.029820000000000003
2018-05-01,0.020515000000000002,0.024137,0.024241,0.024437999999999998,0.02503,0.02763,0.028220000000000002,0.02903
2018-06-01,0.014375,0.020045,0.022387999999999998,0.024265000000000002,0.02596,0.02852,0.028878,0.029289999999999997
2018-07-01,0.01209,0.018765,0.021694,0.024138,0.026680000000000002,0.029449999999999997,0.02973,0.030248
2018-08-01,0.015778999999999998,0.023144,0.026163,0.028138,0.026549999999999997,0.028564,0.02859,0.029279000000000003
2018-09-01,0.010695999999999999,0.018445,0.021747,0.024566,0.02775,0.03028,0.030662,0.030979999999999997
2018-10-01,0.016549,0.023836000000000003,0.026885000000000003,0.028955,0.02894,0.031072000000000002,0.031224,0.03207
2018-11-01,0.011590999999999999,0.020597999999999998,0.024162,0.026537,0.028999999999999998,0.029710999999999998,0.029627,0.030419
2018-12-01,0.008208,0.017078,0.020694999999999998,0.023513,0.02749,0.02572,0.02557,0.02691
2019-01-01,0.007311,0.015607,0.019912,0.023339,0.02688,0.025518,0.025314999999999997,0.026596
2019-02-01,0.0070079999999999995,0.016102,0.021164,0.025116,0.02658,0.02569,0.025539999999999997,0.02709
2019-03-01,0.0063159999999999996,0.015691,0.020457,0.024255000000000002,0.02538,0.023,0.02284,0.024068
2019-04-01,0.005071,0.013978,0.019007,0.023327,0.025179999999999998,0.023141,0.0232,0.024868
2019-05-01,0.009751000000000001,0.018588,0.02307,0.026795999999999997,0.02234,0.019011,0.019151,0.020855000000000002
2019-06-01,0.006809,0.015345,0.019818000000000002,0.023604,0.02007,0.01735,0.017589999999999998,0.01952
2019-07-01,0.006261999999999999,0.011728,0.016093,0.020041,0.02109,0.018313,0.018014,0.019419
2019-08-01,0.005762,0.011727,0.016092,0.02026,0.01784,0.013891,0.013132999999999999,0.013752
2019-09-01,0.004775,0.009259,0.013412,0.017647,0.01828,0.01551,0.014879999999999999,0.015529999999999999
2019-10-01,0.004222999999999999,0.007723999999999999,0.011174,0.015227000000000001,0.0168,0.0149,0.014750000000000001,0.01576
2019-11-01,0.005764,0.009752,0.013421,0.017426,0.01744,0.015858,0.01562,0.0168
2019-12-01,0.004268999999999999,0.008763,0.012202,0.016243,0.01763,0.016822999999999998,0.017085,0.01873
2020-01-01,0.003017,0.007026999999999999,0.010490000000000001,0.015271000000000002,0.015969999999999998,0.013859,0.01366,0.014835000000000001
2020-02-01,0.005261,0.009257,0.01318,0.017882,0.01284,0.01079,0.010960000000000001,0.01222
2020-03-01,0.00504,0.01,0.013884,0.017618,0.006520000000000001,0.00466,0.005208000000000001,0.00687
2020-04-01,0.013722,0.018607,0.021439,0.024531999999999998,0.0035299999999999997,0.0030399999999999997,0.00377,0.0063
2020-05-01,0.01323,0.016662,0.019518999999999998,0.022213999999999998,0.0028199999999999996,0.00249,0.0033650000000000004,0.0063
2020-06-01,0.01,0.013961000000000001,0.016877,0.020181,0.00255,0.00221,0.0030399999999999997,0.006155000000000001
2020-07-01,0.008006000000000001,0.011982,0.015162,0.018963,0.00208,0.00172,0.002485,0.00517
2020-08-01,0.00526,0.01,0.01344,0.017738999999999998,0.00226,0.00214,0.0032700000000000003,0.007189999999999999
2020-09-01,0.005514,0.01,0.013432,0.017491,0.00208,0.002175,0.00333,0.0069
2020-10-01,0.004264,0.008761,0.012206999999999999,0.016513999999999997,0.00198,0.002751,0.00415,0.0084
2020-11-01,0.003013,0.007273000000000001,0.010736,0.015078,0.0021,0.0028499999999999997,0.0042899999999999995,0.00832
2020-12-01,0.002763,0.006275,0.009753,0.014358000000000001,0.00183,0.0023699999999999997,0.0042699999999999995,0.009226999999999999
2021-01-01,0.00251,0.006523999999999999,0.01,0.014835,0.0017399999999999998,0.002633,0.0051400000000000005,0.0109
2021-02-01,0.001757,0.004779,0.0072840000000000005,0.011597,0.0018,0.004162,0.008629,0.015291999999999998
2021-03-01,0.002013,0.005035,0.007534999999999999,0.011935,0.00207,0.005129,0.010425,0.01755
2021-04-01,0.002311,0.005481000000000001,0.008275,0.012709,0.00201,0.004791,0.00938,0.01626
2021-05-01,0.002009,0.005028,0.008028,0.012661,0.00134,0.0040999999999999995,0.00862,0.015489999999999999
2021-06-01,0.001559,0.004584,0.007487000000000001,0.011981,0.00172,0.0056289999999999995,0.00931,0.01402
2021-07-01,0.0016079999999999998,0.004531,0.007287,0.011691,0.00146,0.0046500000000000005,0.008100000000000001,0.01275
2021-08-01,0.001607,0.00443,0.007187000000000001,0.011595999999999999,0.00146,0.00496,0.008418,0.012960000000000001
2021-09-01,0.0017629999999999998,0.004588,0.007391,0.011784000000000001,0.00164,0.00644,0.01056,0.01536
2021-10-01,0.002014,0.005034,0.008031,0.012651,0.00291,0.0092,0.012159999999999999,0.01554
2021-11-01,0.002614,0.005835,0.009018,0.01384,0.00359,0.01023,0.01261,0.014903999999999999
2021-12-01,0.00286,0.006077,0.009262000000000001,0.014094,0.00527,0.011460999999999999,0.013489,0.015609
2022-01-01,0.00206,0.005678,0.009064000000000001,0.013909,0.00855,0.015,0.01664,0.01841
2022-02-01,0.002013,0.005786,0.009263,0.014085,0.01135,0.017289000000000002,0.01794,0.019119999999999998
2022-03-01,0.002031,0.0055439999999999994,0.009019,0.013605,0.01918,0.025775000000000003,0.024651999999999997,0.02407
2022-04-01,0.003505,0.0075120000000000004,0.011479000000000001,0.016327,0.02522,0.030588999999999998,0.0301,0.029553
2022-05-01,0.003503,0.008011,0.012464,0.017328,0.0255,0.02862,0.02839,0.02911
2022-06-01,0.004253,0.008756,0.012713,0.017562,0.03253,0.030947,0.03021,0.03036
2022-07-01,0.006753,0.013474000000000002,0.01739,0.021708,0.03311,0.02911,0.027195,0.02735
2022-08-01,0.005501,0.010994,0.015181,0.019998,0.03877,0.03587,0.033484,0.03211
2022-09-01,0.0067540000000000005,0.013222,0.017613,0.022155,0.045149999999999996,0.042409999999999996,0.040010000000000004,0.03785
2022-10-01,0.004257,0.010248,0.014679,0.019283,0.050019999999999995,0.04519,0.043099,0.0404
2022-11-01,0.0035020000000000003,0.008757,0.012956,0.017557,0.05116,0.042423999999999996,0.038512,0.0364
2022-12-01,0.004004,0.009004999999999999,0.013205000000000001,0.018052000000000002,0.05075,0.04287,0.03979,0.03784
2023-01-01,0.003007,0.007014,0.010494,0.015361000000000001,0.0504,0.040358,0.03683,0.034885
2023-02-01,0.0027489999999999997,0.006211,0.009504,0.01464,0.055170000000000004,0.04702,0.042409999999999996,0.03905
2023-03-01,0.0037530000000000003,0.007364,0.010739,0.015299,0.05028,0.040389999999999995,0.03713,0.03522
2023-04-01,0.003856,0.007762000000000001,0.011231999999999999,0.016023,0.051109999999999996,0.039715,0.036599,0.035089
2023-05-01,0.002902,0.006817,0.010246,0.015340000000000001,0.05329,0.041609999999999994,0.03818,0.0366
2023-06-01,0.002055,0.0054659999999999995,0.009059999999999999,0.014383000000000002,0.056299999999999996,0.04638,0.04182,0.03853
2023-07-01,0.0017079999999999999,0.005017,0.008615000000000001,0.013994999999999999,0.05748,0.04659,0.042441000000000006,0.039646
2023-08-01,0.0019489999999999998,0.005016,0.008615000000000001,0.01399,0.05854,0.04629,0.042935,0.040780000000000004
2023-09-01,0.003104,0.006716,0.010591,0.015929,0.056319999999999995,0.04942,0.04684,0.04565
2023-10-01,0.003055,0.007063,0.011184,0.016479,0.05672,0.049657,0.048010000000000004,0.047791
2023-11-01,0.0015970000000000001,0.005116,0.008911,0.014156,0.05409,0.04489,0.042839,0.04253
2023-12-01,0.001504,0.004471,0.007774,0.012828999999999998,0.05152999999999999,0.040490000000000005,0.038098,0.03732
2024-01-01,0.001661,0.004229999999999999,0.007533,0.012907,0.05021,0.040810000000000006,0.038994,0.038751
2024-02-01,0.001347,0.003865,0.006977,0.012388,0.05394,0.045250000000000005,0.04274,0.0414
2024-03-01,0.001254,0.0038729999999999997,0.006784,0.01214,0.053040000000000004,0.045146,0.042476,0.041058000000000004
2024-04-01,0.001053,0.003665,0.0064269999999999996,0.01176,0.05545,0.05003,0.04759,0.045777
2024-05-01,0.0015480000000000001,0.003768,0.006282,0.011701999999999999,0.054720000000000005,0.04852,0.04605000000000001,0.0446
2024-06-01,0.002301,0.004815,0.007819,0.013171,0.05317,0.04573000000000001,0.042959,0.041525
2024-07-01,0.001557,0.0038179999999999998,0.006531,0.011994,0.049850000000000005,0.041868999999999996,0.039801,0.039424
2024-08-01,0.001347,0.003713,0.006326,0.011757,0.045309999999999996,0.038095,0.03689,0.03721
2024-09-01,0.001274,0.003472,0.00603,0.01102,0.041319999999999996,0.03593,0.035379,0.036019999999999996
2024-10-01,0.0014060000000000001,0.0034200000000000003,0.0058850000000000005,0.011119,0.044509999999999994,0.041100000000000005,0.04038,0.040389999999999995
2024-11-01,0.001449,0.003669,0.006185,0.011408,0.04536,0.041870000000000004,0.04075,0.040394
2024-12-01,0.0016059999999999998,0.003667,0.0060810000000000005,0.011316,0.04447,0.043224,0.043035,0.043375000000000004
2025-01-01,0.001206,0.0032630000000000003,0.005678,0.010928,0.04457,0.04325999999999999,0.043321,0.04385
2025-02-01,0.001049,0.0031190000000000002,0.005236,0.010486,0.04324,0.04031100000000001,0.040069999999999995,0.04073
2025-03-01,0.001353,0.003368,0.005684000000000001,0.010779,0.0426,0.03941,0.039169999999999996,0.04066
2025-04-01,0.001358,0.0033729999999999997,0.005688,0.010971999999999999,0.04029,0.035859999999999996,0.03645,0.039138
2025-05-01,0.000949,0.003019,0.0052369999999999995,0.010438,0.04316,0.03867,0.038931,0.041410999999999996
2025-06-01,0.0009519999999999999,0.0027170000000000002,0.004685,0.009609,0.041580000000000006,0.0369,0.037065,0.039689
2025-07-01,0.0005059999999999999,0.002012,0.003933,0.008384,0.04369,0.039009999999999996,0.038842,0.0412
2025-08-01,0.0008990000000000001,0.002431,0.004190999999999999,0.008542000000000001,0.040510000000000004,0.035840000000000004,0.036267,0.039731999999999996
2025-09-01,0.000752,0.002235,0.003908,0.007499,0.039275000000000004,0.03634,0.03677,0.03941
2025-10-01,0.00042699999999999997,0.0018329999999999998,0.003368,0.0067269999999999995,0.038897,0.03612,0.036566999999999995,0.03931
2025-11-01,0.0003,0.001604,0.002938,0.006028,0.038079999999999996,0.03533,0.03596,0.03894
2025-12-01,0.00035,0.001603,0.00286,0.006025,0.03767,0.035309,0.035859999999999996,0.03899
